MapNumber;MapTypeGenerate;MapSize;MapDiagonal;Alg;Heuristic;Solution;Time;MaxNodes;PathLength;
0;Random;20x20;Never;A* (A Star);Manhattan;Yes;13;118;27;
1;Random;20x20;Never;A* (A Star);Manhattan;Yes;0;15;4;
2;Random;20x20;Never;A* (A Star);Manhattan;Yes;2;110;29;
3;Random;20x20;Never;A* (A Star);Manhattan;Yes;0;25;9;
4;Random;20x20;Never;A* (A Star);Manhattan;Yes;0;27;8;
5;Random;20x20;Never;A* (A Star);Manhattan;Yes;5;187;44;
6;Random;20x20;Never;A* (A Star);Manhattan;Yes;1;80;19;
7;Random;20x20;Never;A* (A Star);Manhattan;Yes;0;26;11;
8;Random;20x20;Never;A* (A Star);Manhattan;Yes;0;24;9;
9;Random;20x20;Never;A* (A Star);Manhattan;Yes;0;21;8;
10;Random;20x20;Never;A* (A Star);Manhattan;Yes;0;23;6;
11;Random;20x20;Never;A* (A Star);Manhattan;Yes;0;27;11;
12;Random;20x20;Never;A* (A Star);Manhattan;Yes;0;54;23;
13;Random;20x20;Never;A* (A Star);Manhattan;Yes;0;19;6;
14;Random;20x20;Never;A* (A Star);Manhattan;Yes;1;87;23;
15;Random;20x20;Never;A* (A Star);Manhattan;Yes;0;12;5;
16;Random;20x20;Never;A* (A Star);Manhattan;Yes;2;109;27;
17;Random;20x20;Never;A* (A Star);Manhattan;Yes;0;64;18;
18;Random;20x20;Never;A* (A Star);Manhattan;Yes;0;39;10;
19;Random;20x20;Never;A* (A Star);Manhattan;Yes;0;52;20;
20;Random;20x20;Never;A* (A Star);Manhattan;Yes;1;100;23;
21;Random;20x20;Never;A* (A Star);Manhattan;Yes;0;23;8;
22;Random;20x20;Never;A* (A Star);Manhattan;Yes;0;39;11;
23;Random;20x20;Never;A* (A Star);Manhattan;Yes;1;91;21;
24;Random;20x20;Never;A* (A Star);Manhattan;Yes;0;20;8;
25;Random;20x20;Never;A* (A Star);Manhattan;Yes;1;95;18;
26;Random;20x20;Never;A* (A Star);Manhattan;Yes;1;82;21;
27;Random;20x20;Never;A* (A Star);Manhattan;Yes;0;28;11;
28;Random;20x20;Never;A* (A Star);Manhattan;Yes;1;109;21;
29;Random;20x20;Never;A* (A Star);Manhattan;Yes;0;35;11;
30;Random;20x20;Never;A* (A Star);Manhattan;Yes;0;45;13;
31;Random;20x20;Never;A* (A Star);Manhattan;Yes;1;72;24;
32;Random;20x20;Never;A* (A Star);Manhattan;Yes;1;74;24;
33;Random;20x20;Never;A* (A Star);Manhattan;Yes;0;21;8;
34;Random;20x20;Never;A* (A Star);Manhattan;Yes;0;11;3;
35;Random;20x20;Never;A* (A Star);Manhattan;Yes;1;92;22;
36;Random;20x20;Never;A* (A Star);Manhattan;Yes;3;103;22;
37;Random;20x20;Never;A* (A Star);Manhattan;Yes;0;8;3;
38;Random;20x20;Never;A* (A Star);Manhattan;Yes;0;28;11;
39;Random;20x20;Never;A* (A Star);Manhattan;Yes;1;83;25;
40;Random;20x20;Never;A* (A Star);Manhattan;Yes;0;53;16;
41;Random;20x20;Never;A* (A Star);Manhattan;Yes;2;113;24;
42;Random;20x20;Never;A* (A Star);Manhattan;Yes;3;109;24;
43;Random;20x20;Never;A* (A Star);Manhattan;Yes;0;56;25;
44;Random;20x20;Never;A* (A Star);Manhattan;Yes;0;39;11;
45;Random;20x20;Never;A* (A Star);Manhattan;Yes;1;69;18;
46;Random;20x20;Never;A* (A Star);Manhattan;Yes;0;57;17;
47;Random;20x20;Never;A* (A Star);Manhattan;Yes;0;17;7;
48;Random;20x20;Never;A* (A Star);Manhattan;Yes;0;28;8;
49;Random;20x20;Never;A* (A Star);Manhattan;Yes;0;60;19;
50;Random;20x20;Never;A* (A Star);Manhattan;Yes;0;54;13;
51;Random;20x20;Never;A* (A Star);Manhattan;Yes;0;53;16;
52;Random;20x20;Never;A* (A Star);Manhattan;Yes;0;54;15;
53;Random;20x20;Never;A* (A Star);Manhattan;Yes;0;44;15;
54;Random;20x20;Never;A* (A Star);Manhattan;Yes;2;104;25;
55;Random;20x20;Never;A* (A Star);Manhattan;Yes;0;33;11;
56;Random;20x20;Never;A* (A Star);Manhattan;Yes;3;85;25;
57;Random;20x20;Never;A* (A Star);Manhattan;Yes;0;72;23;
58;Random;20x20;Never;A* (A Star);Manhattan;Yes;0;42;12;
59;Random;20x20;Never;A* (A Star);Manhattan;Yes;0;40;14;
60;Random;20x20;Never;A* (A Star);Manhattan;Yes;0;28;11;
61;Random;20x20;Never;A* (A Star);Manhattan;Yes;0;24;13;
62;Random;20x20;Never;A* (A Star);Manhattan;Yes;1;96;34;
63;Random;20x20;Never;A* (A Star);Manhattan;Yes;0;47;16;
64;Random;20x20;Never;A* (A Star);Manhattan;Yes;2;112;25;
65;Random;20x20;Never;A* (A Star);Manhattan;Yes;0;15;7;
66;Random;20x20;Never;A* (A Star);Manhattan;Yes;0;58;14;
67;Random;20x20;Never;A* (A Star);Manhattan;Yes;0;22;9;
68;Random;20x20;Never;A* (A Star);Manhattan;Yes;0;56;17;
69;Random;20x20;Never;A* (A Star);Manhattan;Yes;1;86;23;
70;Random;20x20;Never;A* (A Star);Manhattan;Yes;0;37;9;
71;Random;20x20;Never;A* (A Star);Manhattan;Yes;1;105;24;
72;Random;20x20;Never;A* (A Star);Manhattan;Yes;0;12;5;
73;Random;20x20;Never;A* (A Star);Manhattan;Yes;1;71;28;
74;Random;20x20;Never;A* (A Star);Manhattan;Yes;2;121;33;
75;Random;20x20;Never;A* (A Star);Manhattan;Yes;0;16;6;
76;Random;20x20;Never;A* (A Star);Manhattan;Yes;1;75;24;
77;Random;20x20;Never;A* (A Star);Manhattan;Yes;1;69;18;
78;Random;20x20;Never;A* (A Star);Manhattan;Yes;0;15;4;
79;Random;20x20;Never;A* (A Star);Manhattan;Yes;0;27;9;
80;Random;20x20;Never;A* (A Star);Manhattan;Yes;0;66;21;
81;Random;20x20;Never;A* (A Star);Manhattan;Yes;0;29;7;
82;Random;20x20;Never;A* (A Star);Manhattan;Yes;0;10;5;
83;Random;20x20;Never;A* (A Star);Manhattan;Yes;0;26;11;
84;Random;20x20;Never;A* (A Star);Manhattan;Yes;0;21;11;
85;Random;20x20;Never;A* (A Star);Manhattan;Yes;5;174;29;
86;Random;20x20;Never;A* (A Star);Manhattan;Yes;0;14;7;
87;Random;20x20;Never;A* (A Star);Manhattan;Yes;0;22;6;
88;Random;20x20;Never;A* (A Star);Manhattan;Yes;1;46;15;
89;Random;20x20;Never;A* (A Star);Manhattan;Yes;0;32;10;
90;Random;20x20;Never;A* (A Star);Manhattan;Yes;0;54;15;
91;Random;20x20;Never;A* (A Star);Manhattan;Yes;1;74;22;
92;Random;20x20;Never;A* (A Star);Manhattan;Yes;1;91;24;
93;Random;20x20;Never;A* (A Star);Manhattan;Yes;1;88;19;
94;Random;20x20;Never;A* (A Star);Manhattan;Yes;0;23;7;
95;Random;20x20;Never;A* (A Star);Manhattan;Yes;0;57;15;
96;Random;20x20;Never;A* (A Star);Manhattan;Yes;0;23;8;
97;Random;20x20;Never;A* (A Star);Manhattan;Yes;0;33;10;
98;Random;20x20;Never;A* (A Star);Manhattan;Yes;0;56;18;
99;Random;20x20;Never;A* (A Star);Manhattan;Yes;1;89;19;
0;WithPattern;20x20;Never;A* (A Star);Manhattan;Yes;12;41;16;
1;WithPattern;20x20;Never;A* (A Star);Manhattan;Yes;0;65;19;
2;WithPattern;20x20;Never;A* (A Star);Manhattan;Yes;0;41;13;
3;WithPattern;20x20;Never;A* (A Star);Manhattan;Yes;3;134;24;
4;WithPattern;20x20;Never;A* (A Star);Manhattan;Yes;0;26;12;
5;WithPattern;20x20;Never;A* (A Star);Manhattan;Yes;0;22;10;
6;WithPattern;20x20;Never;A* (A Star);Manhattan;Yes;2;93;21;
7;WithPattern;20x20;Never;A* (A Star);Manhattan;Yes;0;18;11;
8;WithPattern;20x20;Never;A* (A Star);Manhattan;Yes;0;25;8;
9;WithPattern;20x20;Never;A* (A Star);Manhattan;Yes;0;38;11;
10;WithPattern;20x20;Never;A* (A Star);Manhattan;Yes;0;35;9;
11;WithPattern;20x20;Never;A* (A Star);Manhattan;Yes;0;11;5;
12;WithPattern;20x20;Never;A* (A Star);Manhattan;Yes;0;17;7;
13;WithPattern;20x20;Never;A* (A Star);Manhattan;Yes;0;35;9;
14;WithPattern;20x20;Never;A* (A Star);Manhattan;Yes;0;24;7;
15;WithPattern;20x20;Never;A* (A Star);Manhattan;Yes;0;18;6;
16;WithPattern;20x20;Never;A* (A Star);Manhattan;Yes;0;32;9;
17;WithPattern;20x20;Never;A* (A Star);Manhattan;Yes;0;32;10;
18;WithPattern;20x20;Never;A* (A Star);Manhattan;Yes;0;50;15;
19;WithPattern;20x20;Never;A* (A Star);Manhattan;Yes;0;47;12;
20;WithPattern;20x20;Never;A* (A Star);Manhattan;Yes;1;79;17;
21;WithPattern;20x20;Never;A* (A Star);Manhattan;Yes;4;157;25;
22;WithPattern;20x20;Never;A* (A Star);Manhattan;Yes;0;59;18;
23;WithPattern;20x20;Never;A* (A Star);Manhattan;Yes;0;39;11;
24;WithPattern;20x20;Never;A* (A Star);Manhattan;Yes;1;80;16;
25;WithPattern;20x20;Never;A* (A Star);Manhattan;Yes;0;64;18;
26;WithPattern;20x20;Never;A* (A Star);Manhattan;Yes;0;63;19;
27;WithPattern;20x20;Never;A* (A Star);Manhattan;Yes;0;37;10;
28;WithPattern;20x20;Never;A* (A Star);Manhattan;Yes;7;217;31;
29;WithPattern;20x20;Never;A* (A Star);Manhattan;Yes;1;94;19;
30;WithPattern;20x20;Never;A* (A Star);Manhattan;Yes;1;93;18;
31;WithPattern;20x20;Never;A* (A Star);Manhattan;Yes;2;127;23;
32;WithPattern;20x20;Never;A* (A Star);Manhattan;Yes;0;55;13;
33;WithPattern;20x20;Never;A* (A Star);Manhattan;Yes;2;112;22;
34;WithPattern;20x20;Never;A* (A Star);Manhattan;Yes;0;34;10;
35;WithPattern;20x20;Never;A* (A Star);Manhattan;Yes;1;65;17;
36;WithPattern;20x20;Never;A* (A Star);Manhattan;Yes;1;75;17;
37;WithPattern;20x20;Never;A* (A Star);Manhattan;Yes;0;42;12;
38;WithPattern;20x20;Never;A* (A Star);Manhattan;Yes;1;80;17;
39;WithPattern;20x20;Never;A* (A Star);Manhattan;Yes;3;143;24;
40;WithPattern;20x20;Never;A* (A Star);Manhattan;Yes;1;81;17;
41;WithPattern;20x20;Never;A* (A Star);Manhattan;Yes;13;270;35;
42;WithPattern;20x20;Never;A* (A Star);Manhattan;Yes;2;86;18;
43;WithPattern;20x20;Never;A* (A Star);Manhattan;Yes;3;115;21;
44;WithPattern;20x20;Never;A* (A Star);Manhattan;Yes;0;21;8;
45;WithPattern;20x20;Never;A* (A Star);Manhattan;Yes;1;57;17;
46;WithPattern;20x20;Never;A* (A Star);Manhattan;Yes;0;19;9;
47;WithPattern;20x20;Never;A* (A Star);Manhattan;Yes;0;50;16;
48;WithPattern;20x20;Never;A* (A Star);Manhattan;Yes;2;106;20;
49;WithPattern;20x20;Never;A* (A Star);Manhattan;Yes;0;32;9;
50;WithPattern;20x20;Never;A* (A Star);Manhattan;Yes;0;19;9;
51;WithPattern;20x20;Never;A* (A Star);Manhattan;Yes;1;73;16;
52;WithPattern;20x20;Never;A* (A Star);Manhattan;Yes;0;23;8;
53;WithPattern;20x20;Never;A* (A Star);Manhattan;Yes;0;49;13;
54;WithPattern;20x20;Never;A* (A Star);Manhattan;Yes;0;36;11;
55;WithPattern;20x20;Never;A* (A Star);Manhattan;Yes;0;60;14;
56;WithPattern;20x20;Never;A* (A Star);Manhattan;Yes;0;18;8;
57;WithPattern;20x20;Never;A* (A Star);Manhattan;Yes;0;55;13;
58;WithPattern;20x20;Never;A* (A Star);Manhattan;Yes;0;26;12;
59;WithPattern;20x20;Never;A* (A Star);Manhattan;Yes;2;130;24;
60;WithPattern;20x20;Never;A* (A Star);Manhattan;Yes;0;21;6;
61;WithPattern;20x20;Never;A* (A Star);Manhattan;Yes;0;55;14;
62;WithPattern;20x20;Never;A* (A Star);Manhattan;Yes;0;25;9;
63;WithPattern;20x20;Never;A* (A Star);Manhattan;Yes;6;198;29;
64;WithPattern;20x20;Never;A* (A Star);Manhattan;Yes;0;14;6;
65;WithPattern;20x20;Never;A* (A Star);Manhattan;Yes;0;22;7;
66;WithPattern;20x20;Never;A* (A Star);Manhattan;Yes;2;116;21;
67;WithPattern;20x20;Never;A* (A Star);Manhattan;Yes;0;26;8;
68;WithPattern;20x20;Never;A* (A Star);Manhattan;Yes;0;14;6;
69;WithPattern;20x20;Never;A* (A Star);Manhattan;Yes;0;63;19;
70;WithPattern;20x20;Never;A* (A Star);Manhattan;Yes;1;89;17;
71;WithPattern;20x20;Never;A* (A Star);Manhattan;Yes;0;41;16;
72;WithPattern;20x20;Never;A* (A Star);Manhattan;Yes;0;67;14;
73;WithPattern;20x20;Never;A* (A Star);Manhattan;Yes;1;98;20;
74;WithPattern;20x20;Never;A* (A Star);Manhattan;Yes;0;55;15;
75;WithPattern;20x20;Never;A* (A Star);Manhattan;Yes;5;188;28;
76;WithPattern;20x20;Never;A* (A Star);Manhattan;Yes;0;16;5;
77;WithPattern;20x20;Never;A* (A Star);Manhattan;Yes;0;49;14;
78;WithPattern;20x20;Never;A* (A Star);Manhattan;Yes;0;10;3;
79;WithPattern;20x20;Never;A* (A Star);Manhattan;Yes;0;43;13;
80;WithPattern;20x20;Never;A* (A Star);Manhattan;Yes;1;76;16;
81;WithPattern;20x20;Never;A* (A Star);Manhattan;Yes;0;38;19;
82;WithPattern;20x20;Never;A* (A Star);Manhattan;Yes;0;30;9;
83;WithPattern;20x20;Never;A* (A Star);Manhattan;Yes;3;132;23;
84;WithPattern;20x20;Never;A* (A Star);Manhattan;Yes;1;100;19;
85;WithPattern;20x20;Never;A* (A Star);Manhattan;Yes;0;57;17;
86;WithPattern;20x20;Never;A* (A Star);Manhattan;Yes;0;32;10;
87;WithPattern;20x20;Never;A* (A Star);Manhattan;Yes;0;26;8;
88;WithPattern;20x20;Never;A* (A Star);Manhattan;Yes;4;160;26;
89;WithPattern;20x20;Never;A* (A Star);Manhattan;Yes;2;92;21;
90;WithPattern;20x20;Never;A* (A Star);Manhattan;Yes;0;11;5;
91;WithPattern;20x20;Never;A* (A Star);Manhattan;Yes;0;37;17;
92;WithPattern;20x20;Never;A* (A Star);Manhattan;Yes;4;137;24;
93;WithPattern;20x20;Never;A* (A Star);Manhattan;Yes;0;14;6;
94;WithPattern;20x20;Never;A* (A Star);Manhattan;Yes;0;17;8;
95;WithPattern;20x20;Never;A* (A Star);Manhattan;Yes;0;17;7;
96;WithPattern;20x20;Never;A* (A Star);Manhattan;Yes;0;25;10;
97;WithPattern;20x20;Never;A* (A Star);Manhattan;Yes;0;15;5;
98;WithPattern;20x20;Never;A* (A Star);Manhattan;Yes;0;17;5;
99;WithPattern;20x20;Never;A* (A Star);Manhattan;Yes;0;25;7;
0;Random;20x20;IfAtMostOneObstacle;A* (A Star);Manhattan;Yes;13;41;12,0710678118655;
1;Random;20x20;IfAtMostOneObstacle;A* (A Star);Manhattan;Yes;0;30;8,82842712474619;
2;Random;20x20;IfAtMostOneObstacle;A* (A Star);Manhattan;Yes;0;11;3,41421356237309;
3;Random;20x20;IfAtMostOneObstacle;A* (A Star);Manhattan;Yes;2;83;23,8994949366117;
4;Random;20x20;IfAtMostOneObstacle;A* (A Star);Manhattan;Yes;0;10;3;
5;Random;20x20;IfAtMostOneObstacle;A* (A Star);Manhattan;Yes;0;18;4,82842712474619;
6;Random;20x20;IfAtMostOneObstacle;A* (A Star);Manhattan;Yes;0;18;6,82842712474619;
7;Random;20x20;IfAtMostOneObstacle;A* (A Star);Manhattan;Yes;0;36;11,8284271247462;
8;Random;20x20;IfAtMostOneObstacle;A* (A Star);Manhattan;Yes;0;49;15,4852813742386;
9;Random;20x20;IfAtMostOneObstacle;A* (A Star);Manhattan;Yes;0;27;9,07106781186548;
10;Random;20x20;IfAtMostOneObstacle;A* (A Star);Manhattan;Yes;1;74;14,4852813742386;
11;Random;20x20;IfAtMostOneObstacle;A* (A Star);Manhattan;Yes;0;22;6,24264068711928;
12;Random;20x20;IfAtMostOneObstacle;A* (A Star);Manhattan;Yes;0;23;6,41421356237309;
13;Random;20x20;IfAtMostOneObstacle;A* (A Star);Manhattan;Yes;0;57;19,3137084989848;
14;Random;20x20;IfAtMostOneObstacle;A* (A Star);Manhattan;Yes;0;29;9,07106781186548;
15;Random;20x20;IfAtMostOneObstacle;A* (A Star);Manhattan;Yes;0;29;12,4852813742386;
16;Random;20x20;IfAtMostOneObstacle;A* (A Star);Manhattan;Yes;3;113;24,142135623731;
17;Random;20x20;IfAtMostOneObstacle;A* (A Star);Manhattan;Yes;1;63;13,6568542494924;
18;Random;20x20;IfAtMostOneObstacle;A* (A Star);Manhattan;Yes;6;150;26,7279220613579;
19;Random;20x20;IfAtMostOneObstacle;A* (A Star);Manhattan;Yes;0;45;13,4852813742386;
20;Random;20x20;IfAtMostOneObstacle;A* (A Star);Manhattan;Yes;0;19;4,82842712474619;
21;Random;20x20;IfAtMostOneObstacle;A* (A Star);Manhattan;Yes;0;55;11,0710678118655;
22;Random;20x20;IfAtMostOneObstacle;A* (A Star);Manhattan;Yes;0;48;18,7279220613579;
23;Random;20x20;IfAtMostOneObstacle;A* (A Star);Manhattan;Yes;5;145;19,8994949366117;
24;Random;20x20;IfAtMostOneObstacle;A* (A Star);Manhattan;Yes;1;75;14,0710678118655;
25;Random;20x20;IfAtMostOneObstacle;A* (A Star);Manhattan;Yes;0;19;6,24264068711929;
26;Random;20x20;IfAtMostOneObstacle;A* (A Star);Manhattan;Yes;0;45;15,6568542494924;
27;Random;20x20;IfAtMostOneObstacle;A* (A Star);Manhattan;Yes;0;17;4,82842712474619;
28;Random;20x20;IfAtMostOneObstacle;A* (A Star);Manhattan;Yes;0;49;16,4852813742386;
29;Random;20x20;IfAtMostOneObstacle;A* (A Star);Manhattan;Yes;0;22;7,24264068711928;
30;Random;20x20;IfAtMostOneObstacle;A* (A Star);Manhattan;Yes;0;37;10,2426406871193;
31;Random;20x20;IfAtMostOneObstacle;A* (A Star);Manhattan;Yes;12;201;31,7989898732233;
32;Random;20x20;IfAtMostOneObstacle;A* (A Star);Manhattan;Yes;0;51;17,6568542494924;
33;Random;20x20;IfAtMostOneObstacle;A* (A Star);Manhattan;Yes;1;81;19,3137084989848;
34;Random;20x20;IfAtMostOneObstacle;A* (A Star);Manhattan;Yes;0;26;7,24264068711929;
35;Random;20x20;IfAtMostOneObstacle;A* (A Star);Manhattan;Yes;3;113;18,3137084989848;
36;Random;20x20;IfAtMostOneObstacle;A* (A Star);Manhattan;Yes;0;31;11,0710678118655;
37;Random;20x20;IfAtMostOneObstacle;A* (A Star);Manhattan;Yes;0;49;15,7279220613579;
38;Random;20x20;IfAtMostOneObstacle;A* (A Star);Manhattan;Yes;0;12;3;
39;Random;20x20;IfAtMostOneObstacle;A* (A Star);Manhattan;Yes;1;80;23,142135623731;
40;Random;20x20;IfAtMostOneObstacle;A* (A Star);Manhattan;Yes;0;28;7,24264068711928;
41;Random;20x20;IfAtMostOneObstacle;A* (A Star);Manhattan;Yes;1;64;16,7279220613579;
42;Random;20x20;IfAtMostOneObstacle;A* (A Star);Manhattan;Yes;2;97;22,7279220613579;
43;Random;20x20;IfAtMostOneObstacle;A* (A Star);Manhattan;Yes;0;57;13,2426406871193;
44;Random;20x20;IfAtMostOneObstacle;A* (A Star);Manhattan;Yes;4;126;26,9705627484771;
45;Random;20x20;IfAtMostOneObstacle;A* (A Star);Manhattan;Yes;0;26;8,65685424949238;
46;Random;20x20;IfAtMostOneObstacle;A* (A Star);Manhattan;Yes;0;39;9,82842712474619;
47;Random;20x20;IfAtMostOneObstacle;A* (A Star);Manhattan;Yes;0;28;9,65685424949238;
48;Random;20x20;IfAtMostOneObstacle;A* (A Star);Manhattan;Yes;0;56;16,8994949366117;
49;Random;20x20;IfAtMostOneObstacle;A* (A Star);Manhattan;Yes;5;151;28,5563491861041;
50;Random;20x20;IfAtMostOneObstacle;A* (A Star);Manhattan;Yes;0;56;20,3137084989848;
51;Random;20x20;IfAtMostOneObstacle;A* (A Star);Manhattan;Yes;0;32;11,0710678118655;
52;Random;20x20;IfAtMostOneObstacle;A* (A Star);Manhattan;Yes;0;19;5,82842712474619;
53;Random;20x20;IfAtMostOneObstacle;A* (A Star);Manhattan;Yes;3;107;25,8994949366117;
54;Random;20x20;IfAtMostOneObstacle;A* (A Star);Manhattan;Yes;0;40;10,4852813742386;
55;Random;20x20;IfAtMostOneObstacle;A* (A Star);Manhattan;Yes;0;57;15,4852813742386;
56;Random;20x20;IfAtMostOneObstacle;A* (A Star);Manhattan;Yes;0;33;11,0710678118655;
57;Random;20x20;IfAtMostOneObstacle;A* (A Star);Manhattan;Yes;0;52;13,4852813742386;
58;Random;20x20;IfAtMostOneObstacle;A* (A Star);Manhattan;Yes;0;15;4,41421356237309;
59;Random;20x20;IfAtMostOneObstacle;A* (A Star);Manhattan;Yes;0;34;10,6568542494924;
60;Random;20x20;IfAtMostOneObstacle;A* (A Star);Manhattan;Yes;0;13;4,82842712474619;
61;Random;20x20;IfAtMostOneObstacle;A* (A Star);Manhattan;Yes;0;54;17,3137084989848;
62;Random;20x20;IfAtMostOneObstacle;A* (A Star);Manhattan;Yes;1;60;17,3137084989848;
63;Random;20x20;IfAtMostOneObstacle;A* (A Star);Manhattan;Yes;0;44;17,3137084989848;
64;Random;20x20;IfAtMostOneObstacle;A* (A Star);Manhattan;Yes;0;32;11,6568542494924;
65;Random;20x20;IfAtMostOneObstacle;A* (A Star);Manhattan;Yes;5;156;27,3137084989848;
66;Random;20x20;IfAtMostOneObstacle;A* (A Star);Manhattan;Yes;0;25;8,82842712474619;
67;Random;20x20;IfAtMostOneObstacle;A* (A Star);Manhattan;Yes;0;18;5,41421356237309;
68;Random;20x20;IfAtMostOneObstacle;A* (A Star);Manhattan;Yes;0;37;11,6568542494924;
69;Random;20x20;IfAtMostOneObstacle;A* (A Star);Manhattan;Yes;0;38;7,82842712474619;
70;Random;20x20;IfAtMostOneObstacle;A* (A Star);Manhattan;Yes;0;60;12,4852813742386;
71;Random;20x20;IfAtMostOneObstacle;A* (A Star);Manhattan;Yes;0;27;12,0710678118655;
72;Random;20x20;IfAtMostOneObstacle;A* (A Star);Manhattan;Yes;0;44;15,3137084989848;
73;Random;20x20;IfAtMostOneObstacle;A* (A Star);Manhattan;Yes;0;49;11,6568542494924;
74;Random;20x20;IfAtMostOneObstacle;A* (A Star);Manhattan;Yes;0;51;19,0710678118655;
75;Random;20x20;IfAtMostOneObstacle;A* (A Star);Manhattan;Yes;0;37;14,0710678118655;
76;Random;20x20;IfAtMostOneObstacle;A* (A Star);Manhattan;Yes;0;37;10,0710678118655;
77;Random;20x20;IfAtMostOneObstacle;A* (A Star);Manhattan;Yes;3;100;15,0710678118655;
78;Random;20x20;IfAtMostOneObstacle;A* (A Star);Manhattan;Yes;0;14;4,41421356237309;
79;Random;20x20;IfAtMostOneObstacle;A* (A Star);Manhattan;Yes;1;73;19,5563491861041;
80;Random;20x20;IfAtMostOneObstacle;A* (A Star);Manhattan;Yes;0;34;11,8284271247462;
81;Random;20x20;IfAtMostOneObstacle;A* (A Star);Manhattan;Yes;1;73;24,5563491861041;
82;Random;20x20;IfAtMostOneObstacle;A* (A Star);Manhattan;Yes;0;41;11,0710678118655;
83;Random;20x20;IfAtMostOneObstacle;A* (A Star);Manhattan;Yes;0;46;17,8994949366117;
84;Random;20x20;IfAtMostOneObstacle;A* (A Star);Manhattan;Yes;2;99;22,7279220613579;
85;Random;20x20;IfAtMostOneObstacle;A* (A Star);Manhattan;Yes;0;24;8,65685424949238;
86;Random;20x20;IfAtMostOneObstacle;A* (A Star);Manhattan;Yes;0;16;5,82842712474619;
87;Random;20x20;IfAtMostOneObstacle;A* (A Star);Manhattan;Yes;1;87;17,8284271247462;
88;Random;20x20;IfAtMostOneObstacle;A* (A Star);Manhattan;Yes;0;17;5,41421356237309;
89;Random;20x20;IfAtMostOneObstacle;A* (A Star);Manhattan;Yes;2;92;19,8994949366117;
90;Random;20x20;IfAtMostOneObstacle;A* (A Star);Manhattan;Yes;0;48;14,4852813742386;
91;Random;20x20;IfAtMostOneObstacle;A* (A Star);Manhattan;Yes;0;38;11,6568542494924;
92;Random;20x20;IfAtMostOneObstacle;A* (A Star);Manhattan;Yes;0;48;17,3137084989848;
93;Random;20x20;IfAtMostOneObstacle;A* (A Star);Manhattan;Yes;0;57;16,8994949366117;
94;Random;20x20;IfAtMostOneObstacle;A* (A Star);Manhattan;Yes;1;65;20,3137084989848;
95;Random;20x20;IfAtMostOneObstacle;A* (A Star);Manhattan;Yes;1;70;24,9705627484771;
96;Random;20x20;IfAtMostOneObstacle;A* (A Star);Manhattan;Yes;5;141;22,3137084989848;
97;Random;20x20;IfAtMostOneObstacle;A* (A Star);Manhattan;Yes;1;61;23,9705627484771;
98;Random;20x20;IfAtMostOneObstacle;A* (A Star);Manhattan;Yes;0;46;17,4852813742386;
99;Random;20x20;IfAtMostOneObstacle;A* (A Star);Manhattan;Yes;0;20;6,82842712474619;
0;WithPattern;20x20;IfAtMostOneObstacle;A* (A Star);Manhattan;Yes;9;12;3,82842712474619;
1;WithPattern;20x20;IfAtMostOneObstacle;A* (A Star);Manhattan;Yes;0;32;11,6568542494924;
2;WithPattern;20x20;IfAtMostOneObstacle;A* (A Star);Manhattan;Yes;0;37;12,7279220613579;
3;WithPattern;20x20;IfAtMostOneObstacle;A* (A Star);Manhattan;Yes;0;19;5,82842712474619;
4;WithPattern;20x20;IfAtMostOneObstacle;A* (A Star);Manhattan;Yes;0;46;14,8284271247462;
5;WithPattern;20x20;IfAtMostOneObstacle;A* (A Star);Manhattan;Yes;0;24;8,24264068711928;
6;WithPattern;20x20;IfAtMostOneObstacle;A* (A Star);Manhattan;Yes;0;24;9,4142135623731;
7;WithPattern;20x20;IfAtMostOneObstacle;A* (A Star);Manhattan;Yes;0;24;8,24264068711929;
8;WithPattern;20x20;IfAtMostOneObstacle;A* (A Star);Manhattan;Yes;0;46;14,2426406871193;
9;WithPattern;20x20;IfAtMostOneObstacle;A* (A Star);Manhattan;Yes;0;35;14,8284271247462;
10;WithPattern;20x20;IfAtMostOneObstacle;A* (A Star);Manhattan;Yes;0;20;7,24264068711929;
11;WithPattern;20x20;IfAtMostOneObstacle;A* (A Star);Manhattan;Yes;0;20;6,24264068711929;
12;WithPattern;20x20;IfAtMostOneObstacle;A* (A Star);Manhattan;Yes;0;20;6,82842712474619;
13;WithPattern;20x20;IfAtMostOneObstacle;A* (A Star);Manhattan;Yes;0;47;15,142135623731;
14;WithPattern;20x20;IfAtMostOneObstacle;A* (A Star);Manhattan;Yes;0;19;5,82842712474619;
15;WithPattern;20x20;IfAtMostOneObstacle;A* (A Star);Manhattan;Yes;0;45;14,6568542494924;
16;WithPattern;20x20;IfAtMostOneObstacle;A* (A Star);Manhattan;Yes;1;63;21,9705627484771;
17;WithPattern;20x20;IfAtMostOneObstacle;A* (A Star);Manhattan;Yes;0;29;10,4852813742386;
18;WithPattern;20x20;IfAtMostOneObstacle;A* (A Star);Manhattan;Yes;1;70;22,9705627484771;
19;WithPattern;20x20;IfAtMostOneObstacle;A* (A Star);Manhattan;Yes;0;35;11,2426406871193;
20;WithPattern;20x20;IfAtMostOneObstacle;A* (A Star);Manhattan;Yes;0;17;6,41421356237309;
21;WithPattern;20x20;IfAtMostOneObstacle;A* (A Star);Manhattan;Yes;0;31;10,0710678118655;
22;WithPattern;20x20;IfAtMostOneObstacle;A* (A Star);Manhattan;Yes;0;60;20,3847763108502;
23;WithPattern;20x20;IfAtMostOneObstacle;A* (A Star);Manhattan;Yes;0;28;12;
24;WithPattern;20x20;IfAtMostOneObstacle;A* (A Star);Manhattan;Yes;0;47;18,0710678118655;
25;WithPattern;20x20;IfAtMostOneObstacle;A* (A Star);Manhattan;Yes;0;26;7,41421356237309;
26;WithPattern;20x20;IfAtMostOneObstacle;A* (A Star);Manhattan;Yes;0;39;14,0710678118655;
27;WithPattern;20x20;IfAtMostOneObstacle;A* (A Star);Manhattan;Yes;0;19;7,82842712474619;
28;WithPattern;20x20;IfAtMostOneObstacle;A* (A Star);Manhattan;Yes;0;32;13,4142135623731;
29;WithPattern;20x20;IfAtMostOneObstacle;A* (A Star);Manhattan;Yes;0;14;3,41421356237309;
30;WithPattern;20x20;IfAtMostOneObstacle;A* (A Star);Manhattan;Yes;0;43;17,6568542494924;
31;WithPattern;20x20;IfAtMostOneObstacle;A* (A Star);Manhattan;Yes;0;41;13,7279220613579;
32;WithPattern;20x20;IfAtMostOneObstacle;A* (A Star);Manhattan;Yes;0;23;6,65685424949238;
33;WithPattern;20x20;IfAtMostOneObstacle;A* (A Star);Manhattan;Yes;0;18;4,82842712474619;
34;WithPattern;20x20;IfAtMostOneObstacle;A* (A Star);Manhattan;Yes;0;55;19,7279220613579;
35;WithPattern;20x20;IfAtMostOneObstacle;A* (A Star);Manhattan;Yes;0;51;16,5563491861041;
36;WithPattern;20x20;IfAtMostOneObstacle;A* (A Star);Manhattan;Yes;0;44;13,8994949366117;
37;WithPattern;20x20;IfAtMostOneObstacle;A* (A Star);Manhattan;Yes;0;36;13,6568542494924;
38;WithPattern;20x20;IfAtMostOneObstacle;A* (A Star);Manhattan;Yes;0;30;8,82842712474619;
39;WithPattern;20x20;IfAtMostOneObstacle;A* (A Star);Manhattan;Yes;0;40;14,8994949366117;
40;WithPattern;20x20;IfAtMostOneObstacle;A* (A Star);Manhattan;Yes;0;27;10,0710678118655;
41;WithPattern;20x20;IfAtMostOneObstacle;A* (A Star);Manhattan;Yes;0;36;14,4852813742386;
42;WithPattern;20x20;IfAtMostOneObstacle;A* (A Star);Manhattan;Yes;0;20;7,41421356237309;
43;WithPattern;20x20;IfAtMostOneObstacle;A* (A Star);Manhattan;Yes;0;40;10,8284271247462;
44;WithPattern;20x20;IfAtMostOneObstacle;A* (A Star);Manhattan;Yes;0;33;16;
45;WithPattern;20x20;IfAtMostOneObstacle;A* (A Star);Manhattan;Yes;0;23;7,07106781186548;
46;WithPattern;20x20;IfAtMostOneObstacle;A* (A Star);Manhattan;Yes;0;19;6,41421356237309;
47;WithPattern;20x20;IfAtMostOneObstacle;A* (A Star);Manhattan;Yes;0;23;8,4142135623731;
48;WithPattern;20x20;IfAtMostOneObstacle;A* (A Star);Manhattan;Yes;0;13;5;
49;WithPattern;20x20;IfAtMostOneObstacle;A* (A Star);Manhattan;Yes;0;52;19,8994949366117;
50;WithPattern;20x20;IfAtMostOneObstacle;A* (A Star);Manhattan;Yes;0;32;13,4142135623731;
51;WithPattern;20x20;IfAtMostOneObstacle;A* (A Star);Manhattan;Yes;0;56;17,8994949366117;
52;WithPattern;20x20;IfAtMostOneObstacle;A* (A Star);Manhattan;Yes;0;25;11;
53;WithPattern;20x20;IfAtMostOneObstacle;A* (A Star);Manhattan;Yes;0;33;11,4852813742386;
54;WithPattern;20x20;IfAtMostOneObstacle;A* (A Star);Manhattan;Yes;0;28;12;
55;WithPattern;20x20;IfAtMostOneObstacle;A* (A Star);Manhattan;Yes;0;54;17,0710678118655;
56;WithPattern;20x20;IfAtMostOneObstacle;A* (A Star);Manhattan;Yes;0;47;15,142135623731;
57;WithPattern;20x20;IfAtMostOneObstacle;A* (A Star);Manhattan;Yes;0;35;12,0710678118655;
58;WithPattern;20x20;IfAtMostOneObstacle;A* (A Star);Manhattan;Yes;0;37;12,8994949366117;
59;WithPattern;20x20;IfAtMostOneObstacle;A* (A Star);Manhattan;Yes;0;24;8,82842712474619;
60;WithPattern;20x20;IfAtMostOneObstacle;A* (A Star);Manhattan;Yes;0;32;19,4142135623731;
61;WithPattern;20x20;IfAtMostOneObstacle;A* (A Star);Manhattan;Yes;1;54;16,8284271247462;
62;WithPattern;20x20;IfAtMostOneObstacle;A* (A Star);Manhattan;Yes;0;55;18,2426406871193;
63;WithPattern;20x20;IfAtMostOneObstacle;A* (A Star);Manhattan;Yes;0;36;14,2426406871193;
64;WithPattern;20x20;IfAtMostOneObstacle;A* (A Star);Manhattan;Yes;0;26;7,65685424949238;
65;WithPattern;20x20;IfAtMostOneObstacle;A* (A Star);Manhattan;Yes;0;20;6,82842712474619;
66;WithPattern;20x20;IfAtMostOneObstacle;A* (A Star);Manhattan;Yes;0;19;4,82842712474619;
67;WithPattern;20x20;IfAtMostOneObstacle;A* (A Star);Manhattan;Yes;0;17;6,41421356237309;
68;WithPattern;20x20;IfAtMostOneObstacle;A* (A Star);Manhattan;Yes;0;61;22,5563491861041;
69;WithPattern;20x20;IfAtMostOneObstacle;A* (A Star);Manhattan;Yes;1;57;22,142135623731;
70;WithPattern;20x20;IfAtMostOneObstacle;A* (A Star);Manhattan;Yes;0;9;3;
71;WithPattern;20x20;IfAtMostOneObstacle;A* (A Star);Manhattan;Yes;0;24;8,82842712474619;
72;WithPattern;20x20;IfAtMostOneObstacle;A* (A Star);Manhattan;Yes;0;35;13,0710678118655;
73;WithPattern;20x20;IfAtMostOneObstacle;A* (A Star);Manhattan;Yes;0;19;5,82842712474619;
74;WithPattern;20x20;IfAtMostOneObstacle;A* (A Star);Manhattan;Yes;0;32;11,6568542494924;
75;WithPattern;20x20;IfAtMostOneObstacle;A* (A Star);Manhattan;Yes;0;28;9,65685424949238;
76;WithPattern;20x20;IfAtMostOneObstacle;A* (A Star);Manhattan;Yes;0;27;8,65685424949238;
77;WithPattern;20x20;IfAtMostOneObstacle;A* (A Star);Manhattan;Yes;0;25;9,82842712474619;
78;WithPattern;20x20;IfAtMostOneObstacle;A* (A Star);Manhattan;Yes;0;26;6,82842712474619;
79;WithPattern;20x20;IfAtMostOneObstacle;A* (A Star);Manhattan;Yes;0;52;16,2426406871193;
80;WithPattern;20x20;IfAtMostOneObstacle;A* (A Star);Manhattan;Yes;0;37;12,0710678118655;
81;WithPattern;20x20;IfAtMostOneObstacle;A* (A Star);Manhattan;Yes;0;32;12,8284271247462;
82;WithPattern;20x20;IfAtMostOneObstacle;A* (A Star);Manhattan;Yes;0;29;13;
83;WithPattern;20x20;IfAtMostOneObstacle;A* (A Star);Manhattan;Yes;0;16;5,41421356237309;
84;WithPattern;20x20;IfAtMostOneObstacle;A* (A Star);Manhattan;Yes;0;45;19,2426406871193;
85;WithPattern;20x20;IfAtMostOneObstacle;A* (A Star);Manhattan;Yes;0;34;10,2426406871193;
86;WithPattern;20x20;IfAtMostOneObstacle;A* (A Star);Manhattan;Yes;0;32;14;
87;WithPattern;20x20;IfAtMostOneObstacle;A* (A Star);Manhattan;Yes;0;35;11,4852813742386;
88;WithPattern;20x20;IfAtMostOneObstacle;A* (A Star);Manhattan;Yes;0;19;5,82842712474619;
89;WithPattern;20x20;IfAtMostOneObstacle;A* (A Star);Manhattan;Yes;0;48;17,3137084989848;
90;WithPattern;20x20;IfAtMostOneObstacle;A* (A Star);Manhattan;Yes;0;35;10,4142135623731;
91;WithPattern;20x20;IfAtMostOneObstacle;A* (A Star);Manhattan;Yes;0;19;5,82842712474619;
92;WithPattern;20x20;IfAtMostOneObstacle;A* (A Star);Manhattan;Yes;0;16;4,82842712474619;
93;WithPattern;20x20;IfAtMostOneObstacle;A* (A Star);Manhattan;Yes;0;50;16,7279220613579;
94;WithPattern;20x20;IfAtMostOneObstacle;A* (A Star);Manhattan;Yes;0;12;4;
95;WithPattern;20x20;IfAtMostOneObstacle;A* (A Star);Manhattan;Yes;0;17;8;
96;WithPattern;20x20;IfAtMostOneObstacle;A* (A Star);Manhattan;Yes;0;20;8,4142135623731;
97;WithPattern;20x20;IfAtMostOneObstacle;A* (A Star);Manhattan;Yes;0;42;12,8284271247462;
98;WithPattern;20x20;IfAtMostOneObstacle;A* (A Star);Manhattan;Yes;0;40;13,7279220613579;
99;WithPattern;20x20;IfAtMostOneObstacle;A* (A Star);Manhattan;Yes;0;40;16,2426406871193;
0;Random;100x100;Never;A* (A Star);Manhattan;Yes;146;963;88;
1;Random;100x100;Never;A* (A Star);Manhattan;Yes;21;365;47;
2;Random;100x100;Never;A* (A Star);Manhattan;Yes;2;113;34;
3;Random;100x100;Never;A* (A Star);Manhattan;Yes;40;484;70;
4;Random;100x100;Never;A* (A Star);Manhattan;Yes;226;1169;103;
5;Random;100x100;Never;A* (A Star);Manhattan;Yes;81;643;104;
6;Random;100x100;Never;A* (A Star);Manhattan;Yes;0;60;15;
7;Random;100x100;Never;A* (A Star);Manhattan;Yes;120;860;117;
8;Random;100x100;Never;A* (A Star);Manhattan;Yes;243;1222;107;
9;Random;100x100;Never;A* (A Star);Manhattan;Yes;159;970;107;
10;Random;100x100;Never;A* (A Star);Manhattan;Yes;6;209;28;
11;Random;100x100;Never;A* (A Star);Manhattan;Yes;1;86;15;
12;Random;100x100;Never;A* (A Star);Manhattan;Yes;8;214;35;
13;Random;100x100;Never;A* (A Star);Manhattan;Yes;34;429;50;
14;Random;100x100;Never;A* (A Star);Manhattan;Yes;95;718;88;
15;Random;100x100;Never;A* (A Star);Manhattan;Yes;581;1845;125;
16;Random;100x100;Never;A* (A Star);Manhattan;Yes;29;400;60;
17;Random;100x100;Never;A* (A Star);Manhattan;Yes;189;1098;89;
18;Random;100x100;Never;A* (A Star);Manhattan;Yes;343;1454;143;
19;Random;100x100;Never;A* (A Star);Manhattan;Yes;1;77;23;
20;Random;100x100;Never;A* (A Star);Manhattan;Yes;86;734;86;
21;Random;100x100;Never;A* (A Star);Manhattan;Yes;137;910;100;
22;Random;100x100;Never;A* (A Star);Manhattan;Yes;22;379;71;
23;Random;100x100;Never;A* (A Star);Manhattan;Yes;0;27;10;
24;Random;100x100;Never;A* (A Star);Manhattan;Yes;0;62;21;
25;Random;100x100;Never;A* (A Star);Manhattan;Yes;157;986;77;
26;Random;100x100;Never;A* (A Star);Manhattan;Yes;70;657;62;
27;Random;100x100;Never;A* (A Star);Manhattan;Yes;0;47;16;
28;Random;100x100;Never;A* (A Star);Manhattan;Yes;82;670;66;
29;Random;100x100;Never;A* (A Star);Manhattan;Yes;149;957;118;
30;Random;100x100;Never;A* (A Star);Manhattan;Yes;9;244;69;
31;Random;100x100;Never;A* (A Star);Manhattan;Yes;21;327;60;
32;Random;100x100;Never;A* (A Star);Manhattan;Yes;15;300;58;
33;Random;100x100;Never;A* (A Star);Manhattan;Yes;32;414;52;
34;Random;100x100;Never;A* (A Star);Manhattan;Yes;86;722;84;
35;Random;100x100;Never;A* (A Star);Manhattan;Yes;68;670;89;
36;Random;100x100;Never;A* (A Star);Manhattan;Yes;5;191;32;
37;Random;100x100;Never;A* (A Star);Manhattan;Yes;43;516;83;
38;Random;100x100;Never;A* (A Star);Manhattan;Yes;41;475;55;
39;Random;100x100;Never;A* (A Star);Manhattan;Yes;385;1580;124;
40;Random;100x100;Never;A* (A Star);Manhattan;Yes;456;1666;110;
41;Random;100x100;Never;A* (A Star);Manhattan;Yes;118;838;120;
42;Random;100x100;Never;A* (A Star);Manhattan;Yes;1;89;24;
43;Random;100x100;Never;A* (A Star);Manhattan;Yes;14;286;54;
44;Random;100x100;Never;A* (A Star);Manhattan;Yes;26;380;52;
45;Random;100x100;Never;A* (A Star);Manhattan;Yes;191;1040;94;
46;Random;100x100;Never;A* (A Star);Manhattan;Yes;8;222;54;
47;Random;100x100;Never;A* (A Star);Manhattan;Yes;45;536;67;
48;Random;100x100;Never;A* (A Star);Manhattan;Yes;37;458;72;
49;Random;100x100;Never;A* (A Star);Manhattan;Yes;276;1240;101;
50;Random;100x100;Never;A* (A Star);Manhattan;Yes;125;831;109;
51;Random;100x100;Never;A* (A Star);Manhattan;Yes;0;17;6;
52;Random;100x100;Never;A* (A Star);Manhattan;Yes;7;224;46;
53;Random;100x100;Never;A* (A Star);Manhattan;Yes;623;1985;138;
54;Random;100x100;Never;A* (A Star);Manhattan;Yes;97;790;75;
55;Random;100x100;Never;A* (A Star);Manhattan;Yes;64;599;82;
56;Random;100x100;Never;A* (A Star);Manhattan;Yes;135;901;108;
57;Random;100x100;Never;A* (A Star);Manhattan;Yes;1;92;23;
58;Random;100x100;Never;A* (A Star);Manhattan;Yes;124;863;100;
59;Random;100x100;Never;A* (A Star);Manhattan;Yes;1;83;21;
60;Random;100x100;Never;A* (A Star);Manhattan;Yes;6;216;41;
61;Random;100x100;Never;A* (A Star);Manhattan;Yes;6;196;30;
62;Random;100x100;Never;A* (A Star);Manhattan;Yes;145;887;83;
63;Random;100x100;Never;A* (A Star);Manhattan;Yes;1;70;21;
64;Random;100x100;Never;A* (A Star);Manhattan;Yes;32;427;50;
65;Random;100x100;Never;A* (A Star);Manhattan;Yes;38;502;71;
66;Random;100x100;Never;A* (A Star);Manhattan;Yes;86;763;107;
67;Random;100x100;Never;A* (A Star);Manhattan;Yes;3;127;37;
68;Random;100x100;Never;A* (A Star);Manhattan;Yes;137;874;71;
69;Random;100x100;Never;A* (A Star);Manhattan;Yes;34;433;86;
70;Random;100x100;Never;A* (A Star);Manhattan;Yes;52;555;81;
71;Random;100x100;Never;A* (A Star);Manhattan;Yes;55;569;94;
72;Random;100x100;Never;A* (A Star);Manhattan;Yes;311;1474;111;
73;Random;100x100;Never;A* (A Star);Manhattan;Yes;110;834;88;
74;Random;100x100;Never;A* (A Star);Manhattan;Yes;12;246;43;
75;Random;100x100;Never;A* (A Star);Manhattan;Yes;70;635;70;
76;Random;100x100;Never;A* (A Star);Manhattan;Yes;19;314;48;
77;Random;100x100;Never;A* (A Star);Manhattan;Yes;131;904;86;
78;Random;100x100;Never;A* (A Star);Manhattan;Yes;1700;3246;172;
79;Random;100x100;Never;A* (A Star);Manhattan;Yes;498;1821;151;
80;Random;100x100;Never;A* (A Star);Manhattan;Yes;31;472;68;
81;Random;100x100;Never;A* (A Star);Manhattan;Yes;1;79;21;
82;Random;100x100;Never;A* (A Star);Manhattan;Yes;138;975;116;
83;Random;100x100;Never;A* (A Star);Manhattan;Yes;91;715;113;
84;Random;100x100;Never;A* (A Star);Manhattan;Yes;24;378;61;
85;Random;100x100;Never;A* (A Star);Manhattan;Yes;10;232;59;
86;Random;100x100;Never;A* (A Star);Manhattan;Yes;95;752;86;
87;Random;100x100;Never;A* (A Star);Manhattan;Yes;1;75;18;
88;Random;100x100;Never;A* (A Star);Manhattan;Yes;252;1331;105;
89;Random;100x100;Never;A* (A Star);Manhattan;Yes;8;241;46;
90;Random;100x100;Never;A* (A Star);Manhattan;Yes;4;164;48;
91;Random;100x100;Never;A* (A Star);Manhattan;Yes;206;1091;104;
92;Random;100x100;Never;A* (A Star);Manhattan;Yes;32;437;61;
93;Random;100x100;Never;A* (A Star);Manhattan;Yes;4;161;39;
94;Random;100x100;Never;A* (A Star);Manhattan;Yes;17;350;50;
95;Random;100x100;Never;A* (A Star);Manhattan;Yes;63;601;73;
96;Random;100x100;Never;A* (A Star);Manhattan;Yes;193;1076;90;
97;Random;100x100;Never;A* (A Star);Manhattan;Yes;1;98;28;
98;Random;100x100;Never;A* (A Star);Manhattan;Yes;13;289;49;
99;Random;100x100;Never;A* (A Star);Manhattan;Yes;64;633;83;
0;WithPattern;100x100;Never;A* (A Star);Manhattan;Yes;47;489;72;
1;WithPattern;100x100;Never;A* (A Star);Manhattan;Yes;266;1256;106;
2;WithPattern;100x100;Never;A* (A Star);Manhattan;Yes;17;333;57;
3;WithPattern;100x100;Never;A* (A Star);Manhattan;Yes;1;59;15;
4;WithPattern;100x100;Never;A* (A Star);Manhattan;Yes;1;90;20;
5;WithPattern;100x100;Never;A* (A Star);Manhattan;Yes;3;128;22;
6;WithPattern;100x100;Never;A* (A Star);Manhattan;Yes;9;255;78;
7;WithPattern;100x100;Never;A* (A Star);Manhattan;Yes;47;508;55;
8;WithPattern;100x100;Never;A* (A Star);Manhattan;Yes;66;610;78;
9;WithPattern;100x100;Never;A* (A Star);Manhattan;Yes;338;1477;111;
10;WithPattern;100x100;Never;A* (A Star);Manhattan;Yes;50;556;68;
11;WithPattern;100x100;Never;A* (A Star);Manhattan;Yes;72;634;62;
12;WithPattern;100x100;Never;A* (A Star);Manhattan;Yes;2;119;24;
13;WithPattern;100x100;Never;A* (A Star);Manhattan;Yes;88;716;74;
14;WithPattern;100x100;Never;A* (A Star);Manhattan;Yes;280;1293;135;
15;WithPattern;100x100;Never;A* (A Star);Manhattan;Yes;5;184;50;
16;WithPattern;100x100;Never;A* (A Star);Manhattan;Yes;26;365;67;
17;WithPattern;100x100;Never;A* (A Star);Manhattan;Yes;26;378;52;
18;WithPattern;100x100;Never;A* (A Star);Manhattan;Yes;93;709;71;
19;WithPattern;100x100;Never;A* (A Star);Manhattan;Yes;21;371;46;
20;WithPattern;100x100;Never;A* (A Star);Manhattan;Yes;2;122;24;
21;WithPattern;100x100;Never;A* (A Star);Manhattan;Yes;26;329;60;
22;WithPattern;100x100;Never;A* (A Star);Manhattan;Yes;4;161;36;
23;WithPattern;100x100;Never;A* (A Star);Manhattan;Yes;156;891;86;
24;WithPattern;100x100;Never;A* (A Star);Manhattan;Yes;316;1466;122;
25;WithPattern;100x100;Never;A* (A Star);Manhattan;Yes;1860;3152;119;
26;WithPattern;100x100;Never;A* (A Star);Manhattan;Yes;5;173;39;
27;WithPattern;100x100;Never;A* (A Star);Manhattan;Yes;10;250;52;
28;WithPattern;100x100;Never;A* (A Star);Manhattan;Yes;24;415;63;
29;WithPattern;100x100;Never;A* (A Star);Manhattan;Yes;66;631;67;
30;WithPattern;100x100;Never;A* (A Star);Manhattan;Yes;85;710;66;
31;WithPattern;100x100;Never;A* (A Star);Manhattan;Yes;0;38;11;
32;WithPattern;100x100;Never;A* (A Star);Manhattan;Yes;10;259;42;
33;WithPattern;100x100;Never;A* (A Star);Manhattan;Yes;408;1506;118;
34;WithPattern;100x100;Never;A* (A Star);Manhattan;Yes;107;817;89;
35;WithPattern;100x100;Never;A* (A Star);Manhattan;Yes;837;2246;138;
36;WithPattern;100x100;Never;A* (A Star);Manhattan;Yes;5;189;42;
37;WithPattern;100x100;Never;A* (A Star);Manhattan;Yes;23;416;66;
38;WithPattern;100x100;Never;A* (A Star);Manhattan;Yes;83;689;66;
39;WithPattern;100x100;Never;A* (A Star);Manhattan;Yes;78;667;68;
40;WithPattern;100x100;Never;A* (A Star);Manhattan;Yes;551;1867;117;
41;WithPattern;100x100;Never;A* (A Star);Manhattan;Yes;30;438;48;
42;WithPattern;100x100;Never;A* (A Star);Manhattan;Yes;76;589;72;
43;WithPattern;100x100;Never;A* (A Star);Manhattan;Yes;253;1240;87;
44;WithPattern;100x100;Never;A* (A Star);Manhattan;Yes;2;131;27;
45;WithPattern;100x100;Never;A* (A Star);Manhattan;Yes;204;1120;95;
46;WithPattern;100x100;Never;A* (A Star);Manhattan;Yes;2;106;24;
47;WithPattern;100x100;Never;A* (A Star);Manhattan;Yes;513;1708;117;
48;WithPattern;100x100;Never;A* (A Star);Manhattan;Yes;161;971;106;
49;WithPattern;100x100;Never;A* (A Star);Manhattan;Yes;615;1898;98;
50;WithPattern;100x100;Never;A* (A Star);Manhattan;Yes;16;294;46;
51;WithPattern;100x100;Never;A* (A Star);Manhattan;Yes;143;903;88;
52;WithPattern;100x100;Never;A* (A Star);Manhattan;Yes;28;393;61;
53;WithPattern;100x100;Never;A* (A Star);Manhattan;Yes;41;488;74;
54;WithPattern;100x100;Never;A* (A Star);Manhattan;Yes;18;341;46;
55;WithPattern;100x100;Never;A* (A Star);Manhattan;Yes;2474;3292;151;
56;WithPattern;100x100;Never;A* (A Star);Manhattan;Yes;302;1282;84;
57;WithPattern;100x100;Never;A* (A Star);Manhattan;Yes;138;872;85;
58;WithPattern;100x100;Never;A* (A Star);Manhattan;Yes;0;67;20;
59;WithPattern;100x100;Never;A* (A Star);Manhattan;Yes;4;169;51;
60;WithPattern;100x100;Never;A* (A Star);Manhattan;Yes;59;546;65;
61;WithPattern;100x100;Never;A* (A Star);Manhattan;Yes;47;494;64;
62;WithPattern;100x100;Never;A* (A Star);Manhattan;Yes;56;527;65;
63;WithPattern;100x100;Never;A* (A Star);Manhattan;Yes;1;80;22;
64;WithPattern;100x100;Never;A* (A Star);Manhattan;Yes;24;359;56;
65;WithPattern;100x100;Never;A* (A Star);Manhattan;Yes;37;443;58;
66;WithPattern;100x100;Never;A* (A Star);Manhattan;Yes;721;2029;141;
67;WithPattern;100x100;Never;A* (A Star);Manhattan;Yes;1086;2446;139;
68;WithPattern;100x100;Never;A* (A Star);Manhattan;Yes;111;777;76;
69;WithPattern;100x100;Never;A* (A Star);Manhattan;Yes;4;171;37;
70;WithPattern;100x100;Never;A* (A Star);Manhattan;Yes;51;573;64;
71;WithPattern;100x100;Never;A* (A Star);Manhattan;Yes;0;29;11;
72;WithPattern;100x100;Never;A* (A Star);Manhattan;Yes;2053;3585;144;
73;WithPattern;100x100;Never;A* (A Star);Manhattan;Yes;409;1569;126;
74;WithPattern;100x100;Never;A* (A Star);Manhattan;Yes;65;600;77;
75;WithPattern;100x100;Never;A* (A Star);Manhattan;Yes;36;431;64;
76;WithPattern;100x100;Never;A* (A Star);Manhattan;Yes;0;30;11;
77;WithPattern;100x100;Never;A* (A Star);Manhattan;Yes;72;665;77;
78;WithPattern;100x100;Never;A* (A Star);Manhattan;Yes;18;277;47;
79;WithPattern;100x100;Never;A* (A Star);Manhattan;Yes;67;581;56;
80;WithPattern;100x100;Never;A* (A Star);Manhattan;Yes;3;139;38;
81;WithPattern;100x100;Never;A* (A Star);Manhattan;Yes;784;2122;117;
82;WithPattern;100x100;Never;A* (A Star);Manhattan;Yes;40;411;54;
83;WithPattern;100x100;Never;A* (A Star);Manhattan;Yes;34;439;87;
84;WithPattern;100x100;Never;A* (A Star);Manhattan;Yes;20;324;63;
85;WithPattern;100x100;Never;A* (A Star);Manhattan;Yes;6;194;43;
86;WithPattern;100x100;Never;A* (A Star);Manhattan;Yes;9;246;57;
87;WithPattern;100x100;Never;A* (A Star);Manhattan;Yes;1;79;31;
88;WithPattern;100x100;Never;A* (A Star);Manhattan;Yes;146;917;88;
89;WithPattern;100x100;Never;A* (A Star);Manhattan;Yes;41;464;82;
90;WithPattern;100x100;Never;A* (A Star);Manhattan;Yes;228;1170;100;
91;WithPattern;100x100;Never;A* (A Star);Manhattan;Yes;73;663;72;
92;WithPattern;100x100;Never;A* (A Star);Manhattan;Yes;23;346;75;
93;WithPattern;100x100;Never;A* (A Star);Manhattan;Yes;220;1117;78;
94;WithPattern;100x100;Never;A* (A Star);Manhattan;Yes;81;671;64;
95;WithPattern;100x100;Never;A* (A Star);Manhattan;Yes;977;2390;138;
96;WithPattern;100x100;Never;A* (A Star);Manhattan;Yes;294;1326;108;
97;WithPattern;100x100;Never;A* (A Star);Manhattan;Yes;1;76;17;
98;WithPattern;100x100;Never;A* (A Star);Manhattan;Yes;2;132;23;
99;WithPattern;100x100;Never;A* (A Star);Manhattan;Yes;12;285;48;
0;Random;100x100;IfAtMostOneObstacle;A* (A Star);Manhattan;Yes;76;484;77,4558441227157;
1;Random;100x100;IfAtMostOneObstacle;A* (A Star);Manhattan;Yes;26;331;53,6274169979695;
2;Random;100x100;IfAtMostOneObstacle;A* (A Star);Manhattan;Yes;10;211;55,9411254969543;
3;Random;100x100;IfAtMostOneObstacle;A* (A Star);Manhattan;Yes;9;219;70,0121933088197;
4;Random;100x100;IfAtMostOneObstacle;A* (A Star);Manhattan;Yes;12;227;58,4558441227157;
5;Random;100x100;IfAtMostOneObstacle;A* (A Star);Manhattan;Yes;114;646;80,6690475583121;
6;Random;100x100;IfAtMostOneObstacle;A* (A Star);Manhattan;Yes;8;184;38,0416305603426;
7;Random;100x100;IfAtMostOneObstacle;A* (A Star);Manhattan;Yes;354;1072;135,882250993908;
8;Random;100x100;IfAtMostOneObstacle;A* (A Star);Manhattan;Yes;66;451;96,9116882454314;
9;Random;100x100;IfAtMostOneObstacle;A* (A Star);Manhattan;Yes;38;394;93,0832611206852;
10;Random;100x100;IfAtMostOneObstacle;A* (A Star);Manhattan;Yes;19;318;115,639610306789;
11;Random;100x100;IfAtMostOneObstacle;A* (A Star);Manhattan;Yes;56;460;95,3259018078045;
12;Random;100x100;IfAtMostOneObstacle;A* (A Star);Manhattan;Yes;11;217;52,4558441227157;
13;Random;100x100;IfAtMostOneObstacle;A* (A Star);Manhattan;Yes;3;135;31,7989898732233;
14;Random;100x100;IfAtMostOneObstacle;A* (A Star);Manhattan;Yes;17;219;38,2132034355964;
15;Random;100x100;IfAtMostOneObstacle;A* (A Star);Manhattan;Yes;305;1016;101,740115370178;
16;Random;100x100;IfAtMostOneObstacle;A* (A Star);Manhattan;Yes;141;720;86,0121933088197;
17;Random;100x100;IfAtMostOneObstacle;A* (A Star);Manhattan;Yes;13;239;37,2132034355964;
18;Random;100x100;IfAtMostOneObstacle;A* (A Star);Manhattan;Yes;29;317;47,8700576850888;
19;Random;100x100;IfAtMostOneObstacle;A* (A Star);Manhattan;Yes;33;340;90,9827560572968;
20;Random;100x100;IfAtMostOneObstacle;A* (A Star);Manhattan;Yes;55;482;140,78174593052;
21;Random;100x100;IfAtMostOneObstacle;A* (A Star);Manhattan;Yes;35;376;45,7989898732233;
22;Random;100x100;IfAtMostOneObstacle;A* (A Star);Manhattan;Yes;33;335;46,6274169979695;
23;Random;100x100;IfAtMostOneObstacle;A* (A Star);Manhattan;Yes;2003;2684;126,296464556282;
24;Random;100x100;IfAtMostOneObstacle;A* (A Star);Manhattan;Yes;18;283;71,7695526217004;
25;Random;100x100;IfAtMostOneObstacle;A* (A Star);Manhattan;Yes;28;320;53,4558441227157;
26;Random;100x100;IfAtMostOneObstacle;A* (A Star);Manhattan;Yes;6;167;32,2132034355964;
27;Random;100x100;IfAtMostOneObstacle;A* (A Star);Manhattan;Yes;17;289;82,811183182043;
28;Random;100x100;IfAtMostOneObstacle;A* (A Star);Manhattan;Yes;152;749;109,568542494924;
29;Random;100x100;IfAtMostOneObstacle;A* (A Star);Manhattan;Yes;45;400;52,2132034355964;
30;Random;100x100;IfAtMostOneObstacle;A* (A Star);Manhattan;Yes;290;1026;100,568542494924;
31;Random;100x100;IfAtMostOneObstacle;A* (A Star);Manhattan;Yes;3;134;40,7989898732233;
32;Random;100x100;IfAtMostOneObstacle;A* (A Star);Manhattan;Yes;152;746;110,325901807804;
33;Random;100x100;IfAtMostOneObstacle;A* (A Star);Manhattan;Yes;18;199;55,3553390593274;
34;Random;100x100;IfAtMostOneObstacle;A* (A Star);Manhattan;Yes;33;314;54,3553390593274;
35;Random;100x100;IfAtMostOneObstacle;A* (A Star);Manhattan;Yes;105;645;86,1837661840735;
36;Random;100x100;IfAtMostOneObstacle;A* (A Star);Manhattan;Yes;66;488;120,124891681028;
37;Random;100x100;IfAtMostOneObstacle;A* (A Star);Manhattan;Yes;12;241;67,4264068711928;
38;Random;100x100;IfAtMostOneObstacle;A* (A Star);Manhattan;Yes;30;309;67,7695526217004;
39;Random;100x100;IfAtMostOneObstacle;A* (A Star);Manhattan;Yes;7;171;29,2132034355964;
40;Random;100x100;IfAtMostOneObstacle;A* (A Star);Manhattan;Yes;0;59;20,3847763108502;
41;Random;100x100;IfAtMostOneObstacle;A* (A Star);Manhattan;Yes;8;191;46,4558441227157;
42;Random;100x100;IfAtMostOneObstacle;A* (A Star);Manhattan;Yes;11;222;48,8700576850888;
43;Random;100x100;IfAtMostOneObstacle;A* (A Star);Manhattan;Yes;1;65;24,7279220613579;
44;Random;100x100;IfAtMostOneObstacle;A* (A Star);Manhattan;Yes;6;190;66,8406204335659;
45;Random;100x100;IfAtMostOneObstacle;A* (A Star);Manhattan;Yes;0;40;11,6568542494924;
46;Random;100x100;IfAtMostOneObstacle;A* (A Star);Manhattan;Yes;0;36;11,4852813742386;
47;Random;100x100;IfAtMostOneObstacle;A* (A Star);Manhattan;Yes;59;438;93,8406204335659;
48;Random;100x100;IfAtMostOneObstacle;A* (A Star);Manhattan;Yes;6;167;48,0416305603426;
49;Random;100x100;IfAtMostOneObstacle;A* (A Star);Manhattan;Yes;51;450;59,1837661840735;
50;Random;100x100;IfAtMostOneObstacle;A* (A Star);Manhattan;Yes;96;581;58,3553390593274;
51;Random;100x100;IfAtMostOneObstacle;A* (A Star);Manhattan;Yes;12;201;50,698484809835;
52;Random;100x100;IfAtMostOneObstacle;A* (A Star);Manhattan;Yes;29;364;61,4558441227157;
53;Random;100x100;IfAtMostOneObstacle;A* (A Star);Manhattan;Yes;2;96;24,7279220613579;
54;Random;100x100;IfAtMostOneObstacle;A* (A Star);Manhattan;Yes;91;567;84,0832611206852;
55;Random;100x100;IfAtMostOneObstacle;A* (A Star);Manhattan;Yes;9;191;32,5563491861041;
56;Random;100x100;IfAtMostOneObstacle;A* (A Star);Manhattan;Yes;3;112;26,7279220613579;
57;Random;100x100;IfAtMostOneObstacle;A* (A Star);Manhattan;Yes;0;16;5,24264068711929;
58;Random;100x100;IfAtMostOneObstacle;A* (A Star);Manhattan;Yes;2;91;20,7279220613579;
59;Random;100x100;IfAtMostOneObstacle;A* (A Star);Manhattan;Yes;1;105;41,1126983722081;
60;Random;100x100;IfAtMostOneObstacle;A* (A Star);Manhattan;Yes;1071;1977;102,811183182043;
61;Random;100x100;IfAtMostOneObstacle;A* (A Star);Manhattan;Yes;755;1634;116,053823869162;
62;Random;100x100;IfAtMostOneObstacle;A* (A Star);Manhattan;Yes;597;1464;113,154328932551;
63;Random;100x100;IfAtMostOneObstacle;A* (A Star);Manhattan;Yes;2;93;24,142135623731;
64;Random;100x100;IfAtMostOneObstacle;A* (A Star);Manhattan;Yes;480;1385;106,325901807804;
65;Random;100x100;IfAtMostOneObstacle;A* (A Star);Manhattan;Yes;8;207;58,2132034355964;
66;Random;100x100;IfAtMostOneObstacle;A* (A Star);Manhattan;Yes;3;141;47,4558441227157;
67;Random;100x100;IfAtMostOneObstacle;A* (A Star);Manhattan;Yes;68;449;74,1837661840735;
68;Random;100x100;IfAtMostOneObstacle;A* (A Star);Manhattan;Yes;0;40;13,6568542494924;
69;Random;100x100;IfAtMostOneObstacle;A* (A Star);Manhattan;Yes;6;159;44,4558441227157;
70;Random;100x100;IfAtMostOneObstacle;A* (A Star);Manhattan;Yes;152;712;105,568542494924;
71;Random;100x100;IfAtMostOneObstacle;A* (A Star);Manhattan;Yes;0;18;6,24264068711929;
72;Random;100x100;IfAtMostOneObstacle;A* (A Star);Manhattan;Yes;51;395;86,7401153701776;
73;Random;100x100;IfAtMostOneObstacle;A* (A Star);Manhattan;Yes;40;382;44,4558441227157;
74;Random;100x100;IfAtMostOneObstacle;A* (A Star);Manhattan;Yes;726;1575;100,740115370178;
75;Random;100x100;IfAtMostOneObstacle;A* (A Star);Manhattan;Yes;5;161;50,1837661840735;
76;Random;100x100;IfAtMostOneObstacle;A* (A Star);Manhattan;Yes;32;349;45,6274169979695;
77;Random;100x100;IfAtMostOneObstacle;A* (A Star);Manhattan;Yes;17;257;58,8700576850888;
78;Random;100x100;IfAtMostOneObstacle;A* (A Star);Manhattan;Yes;70;456;87,0832611206852;
79;Random;100x100;IfAtMostOneObstacle;A* (A Star);Manhattan;Yes;3;115;35,4852813742386;
80;Random;100x100;IfAtMostOneObstacle;A* (A Star);Manhattan;Yes;34;379;108,225396744416;
81;Random;100x100;IfAtMostOneObstacle;A* (A Star);Manhattan;Yes;15;282;50,698484809835;
82;Random;100x100;IfAtMostOneObstacle;A* (A Star);Manhattan;Yes;11;229;64,2842712474619;
83;Random;100x100;IfAtMostOneObstacle;A* (A Star);Manhattan;Yes;2;121;44,1126983722081;
84;Random;100x100;IfAtMostOneObstacle;A* (A Star);Manhattan;Yes;69;468;56,9411254969543;
85;Random;100x100;IfAtMostOneObstacle;A* (A Star);Manhattan;Yes;153;717;59,1837661840735;
86;Random;100x100;IfAtMostOneObstacle;A* (A Star);Manhattan;Yes;17;284;86,0832611206852;
87;Random;100x100;IfAtMostOneObstacle;A* (A Star);Manhattan;Yes;99;574;79,5979797464466;
88;Random;100x100;IfAtMostOneObstacle;A* (A Star);Manhattan;Yes;51;427;67,3553390593273;
89;Random;100x100;IfAtMostOneObstacle;A* (A Star);Manhattan;Yes;31;340;70,9411254969543;
90;Random;100x100;IfAtMostOneObstacle;A* (A Star);Manhattan;Yes;12;242;70,6690475583121;
91;Random;100x100;IfAtMostOneObstacle;A* (A Star);Manhattan;Yes;50;415;53,9411254969542;
92;Random;100x100;IfAtMostOneObstacle;A* (A Star);Manhattan;Yes;5;151;33,4558441227157;
93;Random;100x100;IfAtMostOneObstacle;A* (A Star);Manhattan;Yes;5;155;43,0416305603426;
94;Random;100x100;IfAtMostOneObstacle;A* (A Star);Manhattan;Yes;16;229;57,5269119345812;
95;Random;100x100;IfAtMostOneObstacle;A* (A Star);Manhattan;Yes;20;275;73,0121933088197;
96;Random;100x100;IfAtMostOneObstacle;A* (A Star);Manhattan;Yes;76;535;69,2842712474619;
97;Random;100x100;IfAtMostOneObstacle;A* (A Star);Manhattan;Yes;11;238;62,0832611206852;
98;Random;100x100;IfAtMostOneObstacle;A* (A Star);Manhattan;Yes;30;370;61,5269119345812;
99;Random;100x100;IfAtMostOneObstacle;A* (A Star);Manhattan;Yes;8;196;62,0121933088197;
0;WithPattern;100x100;IfAtMostOneObstacle;A* (A Star);Manhattan;Yes;49;371;93,7695526217004;
1;WithPattern;100x100;IfAtMostOneObstacle;A* (A Star);Manhattan;Yes;18;265;73,0832611206852;
2;WithPattern;100x100;IfAtMostOneObstacle;A* (A Star);Manhattan;Yes;55;429;66,2132034355964;
3;WithPattern;100x100;IfAtMostOneObstacle;A* (A Star);Manhattan;Yes;1;89;31,2132034355964;
4;WithPattern;100x100;IfAtMostOneObstacle;A* (A Star);Manhattan;Yes;15;246;60,2842712474619;
5;WithPattern;100x100;IfAtMostOneObstacle;A* (A Star);Manhattan;Yes;74;503;102,669047558312;
6;WithPattern;100x100;IfAtMostOneObstacle;A* (A Star);Manhattan;Yes;8;221;85,9411254969543;
7;WithPattern;100x100;IfAtMostOneObstacle;A* (A Star);Manhattan;Yes;17;273;97,8822509939085;
8;WithPattern;100x100;IfAtMostOneObstacle;A* (A Star);Manhattan;Yes;35;392;88,7989898732233;
9;WithPattern;100x100;IfAtMostOneObstacle;A* (A Star);Manhattan;Yes;37;356;65,7989898732233;
10;WithPattern;100x100;IfAtMostOneObstacle;A* (A Star);Manhattan;Yes;7;184;59,0121933088197;
11;WithPattern;100x100;IfAtMostOneObstacle;A* (A Star);Manhattan;Yes;14;237;61,0416305603426;
12;WithPattern;100x100;IfAtMostOneObstacle;A* (A Star);Manhattan;Yes;8;178;44,9411254969543;
13;WithPattern;100x100;IfAtMostOneObstacle;A* (A Star);Manhattan;Yes;102;588;93,4264068711928;
14;WithPattern;100x100;IfAtMostOneObstacle;A* (A Star);Manhattan;Yes;34;337;82,4264068711928;
15;WithPattern;100x100;IfAtMostOneObstacle;A* (A Star);Manhattan;Yes;25;286;78,698484809835;
16;WithPattern;100x100;IfAtMostOneObstacle;A* (A Star);Manhattan;Yes;4;152;55,8406204335659;
17;WithPattern;100x100;IfAtMostOneObstacle;A* (A Star);Manhattan;Yes;20;288;74,0121933088197;
18;WithPattern;100x100;IfAtMostOneObstacle;A* (A Star);Manhattan;Yes;1;83;26,7279220613579;
19;WithPattern;100x100;IfAtMostOneObstacle;A* (A Star);Manhattan;Yes;2;103;28,3137084989848;
20;WithPattern;100x100;IfAtMostOneObstacle;A* (A Star);Manhattan;Yes;120;653;54,9705627484771;
21;WithPattern;100x100;IfAtMostOneObstacle;A* (A Star);Manhattan;Yes;8;218;74,5979797464466;
22;WithPattern;100x100;IfAtMostOneObstacle;A* (A Star);Manhattan;Yes;42;373;66,6274169979695;
23;WithPattern;100x100;IfAtMostOneObstacle;A* (A Star);Manhattan;Yes;24;284;71,7695526217004;
24;WithPattern;100x100;IfAtMostOneObstacle;A* (A Star);Manhattan;Yes;132;690;86,0538238691623;
25;WithPattern;100x100;IfAtMostOneObstacle;A* (A Star);Manhattan;Yes;0;29;6,82842712474619;
26;WithPattern;100x100;IfAtMostOneObstacle;A* (A Star);Manhattan;Yes;145;657;84,7279220613578;
27;WithPattern;100x100;IfAtMostOneObstacle;A* (A Star);Manhattan;Yes;1;86;22,9705627484771;
28;WithPattern;100x100;IfAtMostOneObstacle;A* (A Star);Manhattan;Yes;7;162;36,142135623731;
29;WithPattern;100x100;IfAtMostOneObstacle;A* (A Star);Manhattan;Yes;5;125;37,7279220613579;
30;WithPattern;100x100;IfAtMostOneObstacle;A* (A Star);Manhattan;Yes;27;303;92,3259018078045;
31;WithPattern;100x100;IfAtMostOneObstacle;A* (A Star);Manhattan;Yes;1;74;19,4852813742386;
32;WithPattern;100x100;IfAtMostOneObstacle;A* (A Star);Manhattan;Yes;17;258;62,5269119345812;
33;WithPattern;100x100;IfAtMostOneObstacle;A* (A Star);Manhattan;Yes;4;132;38,3847763108502;
34;WithPattern;100x100;IfAtMostOneObstacle;A* (A Star);Manhattan;Yes;37;382;70,1126983722081;
35;WithPattern;100x100;IfAtMostOneObstacle;A* (A Star);Manhattan;Yes;7;190;58,556349186104;
36;WithPattern;100x100;IfAtMostOneObstacle;A* (A Star);Manhattan;Yes;1;85;30,5563491861041;
37;WithPattern;100x100;IfAtMostOneObstacle;A* (A Star);Manhattan;Yes;3;113;36,0710678118655;
38;WithPattern;100x100;IfAtMostOneObstacle;A* (A Star);Manhattan;Yes;140;684;62,698484809835;
39;WithPattern;100x100;IfAtMostOneObstacle;A* (A Star);Manhattan;Yes;28;271;81,9411254969543;
40;WithPattern;100x100;IfAtMostOneObstacle;A* (A Star);Manhattan;Yes;8;173;37,6568542494924;
41;WithPattern;100x100;IfAtMostOneObstacle;A* (A Star);Manhattan;Yes;220;912;88,9827560572968;
42;WithPattern;100x100;IfAtMostOneObstacle;A* (A Star);Manhattan;Yes;73;458;83,0121933088197;
43;WithPattern;100x100;IfAtMostOneObstacle;A* (A Star);Manhattan;Yes;10;211;78,7401153701776;
44;WithPattern;100x100;IfAtMostOneObstacle;A* (A Star);Manhattan;Yes;212;890;77,2842712474619;
45;WithPattern;100x100;IfAtMostOneObstacle;A* (A Star);Manhattan;Yes;30;343;69,5979797464466;
46;WithPattern;100x100;IfAtMostOneObstacle;A* (A Star);Manhattan;Yes;77;506;69,4558441227157;
47;WithPattern;100x100;IfAtMostOneObstacle;A* (A Star);Manhattan;Yes;28;261;77,3259018078045;
48;WithPattern;100x100;IfAtMostOneObstacle;A* (A Star);Manhattan;Yes;30;312;81,3969696196699;
49;WithPattern;100x100;IfAtMostOneObstacle;A* (A Star);Manhattan;Yes;7;208;70,7695526217004;
50;WithPattern;100x100;IfAtMostOneObstacle;A* (A Star);Manhattan;Yes;15;242;75,1837661840735;
51;WithPattern;100x100;IfAtMostOneObstacle;A* (A Star);Manhattan;Yes;2;108;35,4852813742386;
52;WithPattern;100x100;IfAtMostOneObstacle;A* (A Star);Manhattan;Yes;30;338;79,5269119345812;
53;WithPattern;100x100;IfAtMostOneObstacle;A* (A Star);Manhattan;Yes;10;227;77,6690475583121;
54;WithPattern;100x100;IfAtMostOneObstacle;A* (A Star);Manhattan;Yes;2;105;26,7989898732233;
55;WithPattern;100x100;IfAtMostOneObstacle;A* (A Star);Manhattan;Yes;5;148;45,3137084989848;
56;WithPattern;100x100;IfAtMostOneObstacle;A* (A Star);Manhattan;Yes;24;309;52,5269119345812;
57;WithPattern;100x100;IfAtMostOneObstacle;A* (A Star);Manhattan;Yes;13;211;36,556349186104;
58;WithPattern;100x100;IfAtMostOneObstacle;A* (A Star);Manhattan;Yes;3;104;33,0416305603426;
59;WithPattern;100x100;IfAtMostOneObstacle;A* (A Star);Manhattan;Yes;3;127;44,3553390593274;
60;WithPattern;100x100;IfAtMostOneObstacle;A* (A Star);Manhattan;Yes;3;120;37,7279220613579;
61;WithPattern;100x100;IfAtMostOneObstacle;A* (A Star);Manhattan;Yes;0;18;5,24264068711929;
62;WithPattern;100x100;IfAtMostOneObstacle;A* (A Star);Manhattan;Yes;5;162;41,2132034355964;
63;WithPattern;100x100;IfAtMostOneObstacle;A* (A Star);Manhattan;Yes;0;43;10,6568542494924;
64;WithPattern;100x100;IfAtMostOneObstacle;A* (A Star);Manhattan;Yes;8;174;46,698484809835;
65;WithPattern;100x100;IfAtMostOneObstacle;A* (A Star);Manhattan;Yes;3;128;34,8994949366117;
66;WithPattern;100x100;IfAtMostOneObstacle;A* (A Star);Manhattan;Yes;1;75;21,4852813742386;
67;WithPattern;100x100;IfAtMostOneObstacle;A* (A Star);Manhattan;Yes;821;1683;112,698484809835;
68;WithPattern;100x100;IfAtMostOneObstacle;A* (A Star);Manhattan;Yes;10;192;71,8406204335659;
69;WithPattern;100x100;IfAtMostOneObstacle;A* (A Star);Manhattan;Yes;15;235;81,5269119345812;
70;WithPattern;100x100;IfAtMostOneObstacle;A* (A Star);Manhattan;Yes;14;255;81,6274169979695;
71;WithPattern;100x100;IfAtMostOneObstacle;A* (A Star);Manhattan;Yes;22;313;90,7401153701776;
72;WithPattern;100x100;IfAtMostOneObstacle;A* (A Star);Manhattan;Yes;2;114;39,3553390593274;
73;WithPattern;100x100;IfAtMostOneObstacle;A* (A Star);Manhattan;Yes;1;95;34,8700576850888;
74;WithPattern;100x100;IfAtMostOneObstacle;A* (A Star);Manhattan;Yes;57;484;130,539105243401;
75;WithPattern;100x100;IfAtMostOneObstacle;A* (A Star);Manhattan;Yes;305;973;91,2964645562816;
76;WithPattern;100x100;IfAtMostOneObstacle;A* (A Star);Manhattan;Yes;4;137;31,6568542494924;
77;WithPattern;100x100;IfAtMostOneObstacle;A* (A Star);Manhattan;Yes;11;177;41,2132034355964;
78;WithPattern;100x100;IfAtMostOneObstacle;A* (A Star);Manhattan;Yes;71;488;104,355339059327;
79;WithPattern;100x100;IfAtMostOneObstacle;A* (A Star);Manhattan;Yes;146;745;75,7695526217004;
80;WithPattern;100x100;IfAtMostOneObstacle;A* (A Star);Manhattan;Yes;21;255;66,9411254969543;
81;WithPattern;100x100;IfAtMostOneObstacle;A* (A Star);Manhattan;Yes;21;307;65,3847763108502;
82;WithPattern;100x100;IfAtMostOneObstacle;A* (A Star);Manhattan;Yes;233;855;101,597979746447;
83;WithPattern;100x100;IfAtMostOneObstacle;A* (A Star);Manhattan;Yes;10;198;42,6274169979695;
84;WithPattern;100x100;IfAtMostOneObstacle;A* (A Star);Manhattan;Yes;1;79;26,9705627484771;
85;WithPattern;100x100;IfAtMostOneObstacle;A* (A Star);Manhattan;Yes;27;314;44,9705627484771;
86;WithPattern;100x100;IfAtMostOneObstacle;A* (A Star);Manhattan;Yes;112;612;89,8700576850888;
87;WithPattern;100x100;IfAtMostOneObstacle;A* (A Star);Manhattan;Yes;46;414;76,2842712474619;
88;WithPattern;100x100;IfAtMostOneObstacle;A* (A Star);Manhattan;Yes;18;246;44,9705627484771;
89;WithPattern;100x100;IfAtMostOneObstacle;A* (A Star);Manhattan;Yes;114;651;79,1837661840735;
90;WithPattern;100x100;IfAtMostOneObstacle;A* (A Star);Manhattan;Yes;40;359;71,9411254969542;
91;WithPattern;100x100;IfAtMostOneObstacle;A* (A Star);Manhattan;Yes;15;276;97,4680374315354;
92;WithPattern;100x100;IfAtMostOneObstacle;A* (A Star);Manhattan;Yes;9;203;44,4558441227157;
93;WithPattern;100x100;IfAtMostOneObstacle;A* (A Star);Manhattan;Yes;40;380;46,556349186104;
94;WithPattern;100x100;IfAtMostOneObstacle;A* (A Star);Manhattan;Yes;35;385;103,740115370178;
95;WithPattern;100x100;IfAtMostOneObstacle;A* (A Star);Manhattan;Yes;8;193;59,8994949366117;
96;WithPattern;100x100;IfAtMostOneObstacle;A* (A Star);Manhattan;Yes;10;210;59,9411254969543;
97;WithPattern;100x100;IfAtMostOneObstacle;A* (A Star);Manhattan;Yes;76;487;68,8700576850888;
98;WithPattern;100x100;IfAtMostOneObstacle;A* (A Star);Manhattan;Yes;3;118;37,3847763108502;
99;WithPattern;100x100;IfAtMostOneObstacle;A* (A Star);Manhattan;Yes;9;219;71,0538238691623;
